1a09,1a0j,1a3b,1a46,1a52,1a55,1a7v,1a95,1ad4,1adw
ASP,ILE,ALA,ASP,LEU,GLU,GLN,GLU,THR,ALA
SER,VAL,ASP,CYS,ALA,ALA,THR,LYS,LYS,THR
ILE,GLY,CYS,GLY,LEU,SER,ASP,TYR,THR,HIS
GLN,GLY,GLY,LEU,SER,LEU,VAL,ILE,LYS,GLU
ALA,TYR,LEU,ARG,LEU,THR,ILE,VAL,ILE,VAL
GLU,GLU,ARG,PRO,THR,GLY,ALA,THR,MET,HIS
GLU,CYS,PRO,LEU,ALA,ALA,GLN,TRP,GLY,MET
TRP,ARG,LEU,PHE,ASP,GLY,ARG,ASP,ILE,LEU
TYR,LYS,PHE,GLU,GLN,ALA,LYS,MET,LEU,ASN
PHE,ASN,GLU,LYS,MET,THR,ALA,LEU,ASN,LYS
GLY,SER,LYS,LYS,VAL,PHE,ILE,GLN,VAL,GLY
LYS,ALA,LYS,SER,SER,PRO,LEU,ILE,ASN,GLU
ILE,SER,SER,LEU,ALA,ALA,LYS,HIS,VAL,SER
THR,TYR,LEU,GLU,LEU,PRO,GLN,ALA,GLU,GLY
ARG,GLN,GLU,ASP,LEU,VAL,MET,ARG,SER,ALA
ARG,ALA,ASP,LYS,ASP,TYR,GLY,LYS,ALA,MET
GLU,SER,LYS,THR,ALA,ALA,GLU,LEU,VAL,VAL
SER,LEU,THR,GLU,GLU,LYS,ALA,ALA,THR,PHE
GLU,GLN,GLU,ARG,PRO,TRP,THR,SER,ARG,GLU
ARG,SER,ARG,GLU,PRO,ALA,LYS,ARG,VAL,PRO
LEU,GLY,GLU,LEU,ILE,ASP,PRO,LEU,LYS,ALA
LEU,TYR,LEU,LEU,LEU,THR,ILE,MET,ALA,PHE
LEU,HIS,LEU,GLU,TYR,TYR,ALA,PRO,MET,VAL
ASN,PHE,GLU,SER,SER,GLN,ALA,SER,MET,ARG
ALA,CYS,SER,TYR,GLU,LYS,MET,GLU,ASP,ALA
GLU,GLY,TYR,ILE,TYR,GLU,LEU,GLN,GLU,GLU
ASN,GLY,ILE,HOH,ASP,THR,LYS,TRP,GLY,PRO
PRO,SER,HOH,HOH,PRO,GLY,GLY,LYS,ALA,GLY
ARG,LEU,HOH,HOH,THR,ASN,GLU,GLY,ASP,ASP
GLY,ILE,HOH,HOH,ARG,LYS,ALA,ILE,ILE,VAL
THR,SER,HOH,HOH,PRO,VAL,LYS,ILE,ILE,ILE
PHE,SER,HOH,HOH,PHE,ASN,PHE,ALA,ASP,ASN
LEU,THR,HOH,HOH,SER,TYR,ASP,VAL,VAL,PHE
VAL,TRP,HOH,HOH,GLU,GLN,GLN,SER,GLY,VAL
ARG,VAL,HOH,HOH,ALA,GLY,ALA,ARG,GLY,PRO
GLU,VAL,HOH,HOH,SER,ILE,VAL,GLY,VAL,THR
SER,SER,HOH,HOH,MET,GLY,VAL,GLY,SER,ASP
GLU,ALA,HOH,HOH,MET,SER,GLN,LEU,THR,LYS
THR,ALA,HOH,HOH,GLY,SER,LYS,VAL,ARG,SER
THR,HIS,HOH,HOH,LEU,GLY,SER,PRO,PRO,HIS
LYS,CYS,HOH,HOH,LEU,GLY,LEU,GLY,GLY,ASN
GLY,TYR,HOH,ILE,THR,VAL,ALA,ALA,HIS,VAL
ALA,LYS,HOH,VAL,ASN,LYS,ALA,LEU,GLU,GLU
TYR,SER,HOH,GLU,LEU,GLN,ILE,LEU,MET,ALA
CYS,ARG,HOH,GLY,ALA,ILE,ALA,ALA,ILE,ILE
LEU,ILE,HOH,SER,ASP,ILE,ASP,ARG,THR,LYS
SER,GLN,HOH,ASP,ARG,ALA,ASP,GLU,VAL,GLU
VAL,VAL,HOH,ALA,GLU,ASN,SER,LEU,GLU,ILE
SER,ARG,HOH,GLU,LEU,THR,LYS,GLY,GLU,LEU
ASP,LEU,HOH,ILE,VAL,VAL,LYS,ILE,GLU,PRO
PHE,GLY,HOH,GLY,HIS,ASP,LEU,ARG,LEU,GLU
ASP,GLU,HOH,MET,MET,PHE,PRO,HIS,ASN,GLY
ASN,HIS,HOH,SER,ILE,GLY,ALA,VAL,ARG,VAL
ALA,ASN,HOH,PRO,ASN,ALA,LEU,ASP,VAL,GLU
LYS,ILE,HOH,TRP,TRP,SER,PHE,THR,LEU,SER
GLY,ALA,HOH,GLN,ALA,ASP,PRO,VAL,PRO,PHE
LEU,VAL,HOH,VAL,LYS,ALA,ALA,CYS,VAL,LYS
ASN,ASN,HOH,MET,ARG,PRO,ASP,ILE,VAL,SER
VAL,GLU,HOH,LEU,VAL,LEU,SER,SER,GLU,LYS
LYS,GLY,HOH,PHE,PRO,SER,LYS,SER,ALA,ILE
HIS,THR,ILE,ARG,GLY,ASP,THR,TYR,ILE,ASN
TYR,GLU,VAL,LYS,PHE,GLU,GLY,ASN,VAL,GLU
LYS,GLN,GLU,SER,VAL,LYS,GLY,GLN,GLY,SER
ILE,PHE,GLY,PRO,ASP,LEU,ASP,ARG,PHE,TYR
ARG,ILE,SER,GLN,LEU,ALA,THR,GLU,ASP,THR
LYS,ASP,ASP,GLU,THR,GLN,ALA,LEU,VAL,LEU
LEU,SER,ALA,LEU,LEU,GLU,ALA,LYS,LYS,THR
ASP,VAL,GLU,LEU,HIS,GLY,LEU,VAL,ILE,VAL
SER,LYS,ILE,CYS,ASP,LEU,PRO,LEU,SER,THR
GLY,VAL,GLY,GLY,GLN,PHE,LYS,LYS,VAL,GLU
GLY,ILE,MET,ALA,VAL,GLN,ILE,ARG,ASP,PRO
PHE,MET,SER,SER,HIS,PHE,TRP,ALA,THR,GLY
TYR,HIS,PRO,LEU,LEU,PRO,GLU,GLU,PHE,LEU
ILE,PRO,TRP,ILE,LEU,THR,ASP,GLY,ARG,TYR
THR,SER,GLN,SER,GLU,VAL,LYS,ASP,SER,GLY
SER,TYR,VAL,ASP,CYS,ILE,ALA,GLY,GLU,VAL
ARG,ASN,MET,ARG,ALA,GLY,LYS,GLU,VAL,LYS
THR,SER,LEU,TRP,TRP,GLY,PHE,GLY,ALA,CYS
GLN,ARG,PHE,VAL,LEU,VAL,ASP,PHE,GLU,THR
PHE,ASN,ARG,LEU,GLU,VAL,ASP,ILE,ALA,PRO
ASN,LEU,LYS,THR,ILE,LEU,LEU,VAL,CYS,HIS
SER,ASP,SER,ALA,LEU,ALA,PHE,ILE,LEU,PHE
LEU,ASN,PRO,ALA,MET,VAL,ALA,ASP,LYS,GLY
GLN,ASP,GLN,HIS,ILE,ASN,LYS,ASP,LEU,MET
GLN,ILE,GLU,CYS,GLY,ILE,LEU,LEU,GLY,GLY
LEU,MET,LEU,LEU,LEU,PRO,ALA,VAL,VAL,MET
VAL,LEU,LEU,LEU,VAL,GLY,ALA,ASP,ASP,VAL
ALA,ILE,CYS,TYR,TRP,LEU,ALA,THR,ILE,GLY
TYR,LYS,GLY,PRO,ARG,LYS,ALA,GLY,ILE,LEU
TYR,LEU,ALA,PRO,SER,SER,THR,GLY,ASN,VAL
SER,SER,SER,TRP,MET,GLY,ALA,THR,ASP,GLN
LYS,LYS,LEU,ASP,GLU,GLU,ALA,ALA,GLN,VAL
HIS,PRO,ILE,LYS,HIS,LEU,GLN,VAL,TRP,GLY
ALA,ALA,SER,ASN,PRO,VAL,GLY,ALA,ALA,ASP
ASP,SER,ASP,PHE,GLY,LEU,THR,ILE,GLY,ALA
GLY,LEU,ARG,THR,LYS,ASP,ILE,ARG,LEU,PRO
LEU,ASN,TRP,GLU,LEU,GLY,LYS,GLU,TYR,GLU
CYS,SER,VAL,ASN,LEU,LYS,ASP,MET,ASP,ASN
HIS,TYR,LEU,ASP,PHE,THR,GLU,TYR,HIS,LEU
ARG,VAL,THR,LEU,ALA,LEU,ALA,PRO,ARG,ASP
LEU,SER,ALA,LEU,PRO,GLY,SER,LYS,MET,ALA
THR,THR,ALA,VAL,ASN,ASP,LEU,ALA,PHE,ALA
THR,VAL,HIS,ARG,LEU,ILE,LYS,HIS,GLN,LYS
VAL,ALA,CYS,ILE,LEU,TYR,ALA,PHE,VAL,THR
CYS,LEU,LEU,GLY,LEU,LEU,ASN,VAL,VAL,ALA
PRO,PRO,LEU,LYS,ASP,GLY,ILE,THR,ALA,LYS
HOH,SER,TYR,HIS,ARG,LYS,GLY,ILE,LYS,MET
HOH,SER,PRO,SER,ASN,ILE,GLY,PHE,TYR,PRO
HOH,CYS,PRO,ARG,GLN,LYS,VAL,ALA,ASP,LYS
HOH,ALA,TRP,THR,GLY,LYS,LEU,LYS,ALA,LYS
HOH,SER,ASP,ARG,LYS,TRP,GLY,PRO,GLU,ALA
HOH,SER,LYS,TYR,CYS,ASP,ASN,ALA,ILE,ARG
HOH,GLY,ASN,GLU,VAL,ASP,CYS,GLY,VAL,GLU
HOH,THR,PHE,ARG,GLU,GLU,LYS,ARG,LEU,ARG
HOH,ARG,THR,ASN,GLY,ALA,SER,PRO,MET,MET
HOH,CYS,GLU,ILE,MET,ILE,CYS,LEU,HIS,ASP
HOH,LEU,ASN,GLU,VAL,ALA,HIS,VAL,ASN,ALA
HOH,VAL,ASP,LYS,GLU,LYS,ASP,ASP,GLY,GLU
HOH,SER,LEU,ILE,ILE,LEU,ASP,ASP,ASN,LEU
HOH,GLY,LEU,SER,PHE,ASN,PHE,TYR,GLY,ALA
HOH,TRP,VAL,MET,ASP,PRO,ARG,VAL,ASN,GLN
HOH,GLY,ARG,LEU,MET,GLY,ALA,VAL,ARG,VAL
HOH,ASN,ILE,GLU,LEU,LEU,LYS,ASP,ASP,ASN
HOH,LEU,GLY,LYS,LEU,LYS,LYS,ILE,GLU, CU
HOH,SER,LYS,ILE,ALA,LEU,SER,PRO,PRO,HOH
HOH,GLY,HIS,TYR,THR,PRO,HEM,GLN,VAL,HOH
HOH,SER,SER,ILE,SER,SER,HOH,ASP,VAL,HOH
HOH,SER,ARG,HIS,SER,GLN,HOH,THR,GLU,HOH
HOH,SER,THR,PRO,ARG,ASN,HOH,TRP,GLU,HOH
HOH,ASN,ARG,ARG,PHE,ILE,HOH,ILE,MET,HOH
HOH,TYR,TYR,TYR,ARG,ALA,HOH,GLU,LEU,HOH
HOH,PRO,GLU,ASN,MET,VAL,HOH,GLN,THR,HOH
HOH,ASP,ARG,TRP,MET,VAL,HOH,PRO,SER,HOH
HOH,THR,ASN,ARG,ASN,ARG,HOH,TRP,LEU,HOH
HOH,LEU,ILE,GLU,LEU,ARG,HOH,ASP,LEU,HOH
HOH,ARG,GLU,ASN,GLN,ALA,HOH,MET,ALA,HOH
HOH,CYS,LYS,LEU,GLY,ASP,HOH,GLY,GLN,HOH
HOH,LEU,ILE,ASP,GLU,GLY,HOH,VAL,ALA,HOH
HOH,ASP,SER,ARG,GLU,SER,HOH,VAL,HIS,HOH
HOH,LEU,MET,ASP,PHE,GLY,HOH,PHE,GLN,HOH
HOH,PRO,LEU,ILE,VAL,THR,HOH,VAL,ALA,HOH
HOH,ILE,GLU,ALA,CYS,SER,HOH,PRO,LYS,HOH
HOH,LEU,LYS,LEU,LEU,PHE,HOH,PRO,ILE,HOH
HOH,SER,ILE,MET,LYS,VAL,HOH,ILE,ALA,HOH
HOH,SER,TYR,LYS,SER,PHE,HOH,SER,GLY,HOH
HOH,SER,ILE,LEU,ILE,THR,HOH,BO3,ILE,HOH
HOH,SER,HIS,LYS,ILE,SER,HOH,HOH,PRO,HOH
HOH,CYS,PRO,LYS,LEU,TYR,HOH,HOH,SER,HOH
HOH,ASN,ARG,PRO,LEU,LEU,HOH,HOH,ASN,HOH
HOH,SER,TYR,VAL,ASN,ALA,HOH,HOH,LYS,HOH
HOH,ALA,ASN,ALA,SER,LYS,HOH,HOH,ILE,HOH
HOH,TYR,TRP,PHE,GLY,VAL,HOH,HOH,TRP,HOH
HOH,PRO,ARG,SER,VAL,ASN,HOH,HOH,LEU,ALA
HOH,GLY,GLU,ASP,TYR,GLU,HOH,HOH,ASP,THR
HOH,GLN,ASN,TYR,THR,GLU,HOH,HOH,PRO,HIS
HOH,ILE,LEU,ILE,PHE,TRP,HOH,HOH,GLY,GLU
HOH,THR,ASP,HIS,LEU,LYS,HOH,HOH,ILE,VAL
HOH,SER,ARG,PRO,SER,ASN,HOH,HOH,GLY,HIS
HOH,ASN,ASP,VAL,SER,ASN,HOH,HOH,PHE,MET
HOH,MET,ILE,CYS,THR,VAL,HOH,HOH,ALA,LEU
HOH,PHE,ALA,LEU,LEU,GLY,HOH,HOH,LYS,ASN
HOH,CYS,LEU,PRO,LYS,THR,HOH,HOH,THR,LYS
HOH,ALA,MET,ASP,SER,GLY,HOH,HOH,ARG,GLY
HOH,GLY,LYS,ARG,LEU,SER,HOH,HOH,ASN,GLU
HOH,PHE,LEU,GLU,GLU,THR,HOH,HOH,GLU,SER
HOH,MET,LYS,THR,GLU,VAL,HOH,HOH,GLU,GLY
HOH,GLU,LYS,ALA,LYS,LYS,HOH,HOH,ALA,ALA
HOH,GLY,PRO,ALA,ASP,TRP,HOH,HOH,GLU,MET
HOH,GLY,VAL,SER,HIS,PRO,HOH,HOH,VAL,VAL
HOH,LYS,ALA,LEU,ILE,ILE,HOH,HOH,MET,PHE
HOH,ASP,PHE,LEU,HIS,GLY,HOH,HOH,ALA,GLU
HOH,SER,SER,GLN,ARG,LEU,HOH,HOH,ARG,PRO
HOH,CYS,ASP,ALA,VAL,GLY,HOH,HOH,LEU,ALA
HOH,GLN,TYR,GLY,LEU,GLY,HOH,HOH,ASP,PHE
HOH,GLY,ILE,TYR,ASP,LYS,HOH,HOH,GLU,VAL
HOH,ASP,HIS,LYS,LYS,GLY,HOH,HOH,LEU,ARG
HOH,SER,PRO,GLY,ILE,ASN,HOH,HOH,VAL,ALA
HOH,GLY,VAL,ARG,THR,ASP,HOH,HOH,ALA,GLU
HOH,GLY,CYS,VAL,ASP,GLY,HOH,HOH,THR,PRO
HOH,PRO,LEU,THR,THR,ILE,HOH,HOH,GLU,GLY
HOH,VAL,PRO,GLY,LEU,ALA,HOH,HOH,TYR,ASP
HOH,VAL,ASP,TRP,ILE,ALA,HOH,HOH,PRO,VAL
HOH,CYS,ARG,GLY,HIS,PHE,HOH,HOH,VAL,ILE
HOH,ASN,GLU,ASN,LEU,VAL,HOH,HOH,LEU,ASN
HOH,GLY,THR,LEU,MET,GLN,HOH,HOH,LEU,PHE
HOH,GLN,ALA,LYS,ALA,ARG,HOH,HOH,ALA,VAL
HOH,LEU,ALA,GLU,LYS,LEU,HOH,GLU,THR,PRO
HOH,GLN,SER,GLY,ALA,PRO,HOH,LYS,SER,THR
HOH,GLY,LEU,GLN,GLY,GLY,HOH,TYR,ARG,ASP
HOH,VAL,LEU,PRO,LEU,ALA,HOH,ILE,LYS,LYS
HOH,VAL,GLN,SER,THR,ILE,HOH,VAL,ARG,SER
HOH,SER,ALA,VAL,LEU,GLY,HOH,THR,PHE,HIS
HOH,TRP,GLY,LEU,GLN,TYR,HOH,TRP,THR,ASN
HOH,GLY,TYR,GLN,GLN,VAL,HOH,ASP,LYS,VAL
HOH,TYR,LYS,VAL,GLN,GLU,HOH,MET,GLU,GLU
HOH,GLY,GLY,VAL,HIS,TYR,HOH,LEU,MET,ALA
HOH,CYS,ARG,ASN,GLU,CYS,HOH,GLN,MET,ILE
HOH,ALA,VAL,LEU,ARG,TYR,HOH,ILE,GLY,LYS
HOH,GLN,THR,PRO,LEU,ALA,HOH,HIS,TYR,GLU
HOH,ARG,GLY,ILE,ALA,LYS,HOH,ALA,ASP,ILE
HOH,ASN,TRP,VAL,GLN,GLN,HOH,ARG,THR,LEU
HOH,LYS,GLY,GLU,LEU,ASN,HOH,LYS,THR,PRO
HOH,PRO,ASN,ARG,LEU,ASN,HOH,LEU,PRO,GLU
HOH,GLY,LEU,PRO,LEU,LEU,HOH,ALA,VAL,GLY
HOH,VAL,LYS,VAL,ILE,ALA,HOH,SER,GLU,VAL
HOH,TYR,GLU,CYS,LEU,TYR,HOH,ARG,ARG,GLU
HOH,THR,THR,LYS,SER,THR,HOH,LEU,ASP,SER
HOH,LYS,LYS,ASP,HIS,LYS,HOH,MET,GLU,PHE
HOH,VAL,GLY,SER,ILE,LEU,HOH,PRO,VAL,LYS
HOH,CYS,GLN,THR,ARG,ILE,HOH,SER,THR,SER
HOH,ASN,PRO,ARG,HIS,SER,HOH,GLU,ALA,LYS
HOH,TYR,SER,ILE,MET,ALA,HOH,GLN,ALA,ILE
HOH,ARG,VAL,ARG,SER,ASP,HOH,TRP,THR,ASN
HOH,SER,LEU,ILE,ASN,GLY,HOH,LYS,THR,GLU
ACE,TRP,GLN,THR,LYS,LYS,HOH,GLY,ALA,SER
PTH,ILE,VAL,ASP,GLY,PRO,HOH,ILE,TYR,TYR
GLU,SER,VAL,ASN,MET,VAL,HOH,ILE,GLY,THR
DIP,SER,ASN,MET,GLU,SER,HOH,ALA,ILE,LEU
HOH,THR,LEU,PHE,HIS,PRO,HOH,VAL,MET,THR
HOH,MET,PRO,CYS,LEU,THR,HOH,SER,LYS,VAL
HOH,SER,ILE,ALA,TYR,GLU,HOH,ARG,GLY,THR
HOH,SER,VAL,GLY,SER,GLU,HOH,GLY,VAL,GLU
ALA,ASN,GLU,TYR,MET,ASN,HOH,GLY,ARG,PRO
GLU, CA,ARG,LYS,LYS,PHE,HOH,LEU,ALA,GLY
GLU,SO4,PRO,PRO,CYS,ALA,HOH,VAL,VAL,LEU
TRP,SO4,VAL,ASP,LYS,ASN,HOH,PRO,ARG,TYR
TYR,BEN,CYS,GLU,ASN,ALA,HOH,GLY,VAL,GLY
PHE,HOH,LYS,GLY,VAL,ALA,HOH,ALA,HIS,VAL
GLY,HOH,ASP,LYS,VAL,LYS,HOH,LEU,ASN,LYS
LYS,HOH,SER,ARG,PRO,GLY,HOH,LEU,VAL,CYS
ILE,HOH,THR,GLY,LEU,ALA,HOH,ALA,GLU,THR
THR,HOH,ARG,ASP,TYR,ASP,HOH,ARG,LEU,PRO
ARG,HOH,ILE,ALA,ASP,TRP,HOH,GLU,ASN,HIS
ARG,HOH,ARG,CYS,LEU,SER,HOH,LEU,ALA,PHE
GLU,HOH,ILE,GLU,LEU,LYS,HOH,GLY,LYS,GLY
SER,HOH,THR,GLY,LEU,THR,HOH,ILE,LEU,MET
GLU,HOH,ASP,ASP,GLU,PHE,HOH,ARG,ALA,GLY
ARG,HOH,ASN,SER,MET,ALA,HOH,HIS,LYS,MET
LEU,HOH,MET,GLY,LEU,GLN,HOH,VAL,GLY,VAL
LEU,HOH,PHE,GLY,EST,ASP,HOH,ASP,ILE,GLY
LEU,HOH,CYS,PRO, AU,LEU,HOH,THR,ASP,LEU
ASN,HOH,ALA,PHE, AU,THR,GLN,VAL,PHE,VAL
ALA,HOH,GLY,VAL, AU,ASN,THR,CYS,LEU,GLN
GLU,HOH,TYR,MET,HOH,GLN,ASP,ILE,LYS,VAL
ASN,HOH,LYS,LYS,HOH,LYS,VAL,SER,GLU,GLY
PRO,HOH,PRO,SER,HOH,GLY,ILE,SER,ASN,ASP
ARG,HOH,ASP,PRO,HOH,GLU,ALA,TYR,GLU,ALA
GLY,HOH,GLU,PHE,HOH,ASP,GLN,ASP,ASN,PRO
THR,HOH,GLY,ASN,HOH,ALA,ARG,HIS,ALA,GLU
PHE,HOH,LYS,ASN,HOH,TRP,LYS,ASP,ARG,ASN
LEU,HOH,ARG,ARG,HOH,PRO,ALA,ASN,HIS,LEU
VAL,HOH,GLY,TRP,HOH,ILE,ILE,GLN, MN,ASP
ARG,HOH,ASP,TYR,HOH,THR,LEU,ARG, MN,ALA
GLU,HOH,ALA,GLN,SER,SER,LYS,GLU,  K,ALA
SER,HOH,CYS,MET,LEU,THR,GLN,LEU,HH2,LYS
GLU,HOH,GLU,GLY,ALA,THR,MET,LYS,HOH,THR
THR,HOH,GLY,ILE,LEU,PHE,GLY,VAL,HOH,ALA
THR,HOH,ASP,VAL,SER,ILE,GLU,LEU,HOH,LYS
LYS,HOH,SER,SER,LEU,LEU,ALA,LYS,HOH,MET
GLY,HOH,GLY,TRP,THR,ILE,THR,ARG,HOH,PRO
ALA,HOH,GLY,GLY,ALA,HIS,LYS,ALA,HOH,LYS
TYR,HOH,PRO,GLU,ASP,LYS,PRO,GLU,HOH,LYS
CYS,HOH,PHE,GLY,GLN,ASP,ILE,GLY,HOH,ALA
LEU,HOH,VAL,CYS,MET,GLN,ALA,ASP,HOH,ARG
SER,HOH,MET,ASP,VAL,LYS,ALA,GLY,HOH,GLU
VAL,HOH,LYS,ARG,SER,LYS,MET,GLU,HOH,ARG
SER,HOH,SER,ASP,ALA,PRO,LEU,GLY,HOH,MET
ASP,HOH,PRO,GLY,LEU,GLU,LYS,PHE,HOH,ASP
PHE,HOH,PHE,LYS,LEU,GLN,GLY,ILE,HOH,ALA
ASP,HOH,ASN,TYR,ASP,GLY,GLU,VAL,HOH,GLU
ASN,HOH,ASN,GLY,ALA,THR,ALA,ILE,HOH,LEU
ALA,HOH,ARG,PHE,GLU,GLU,LYS,ASP,HOH,ALA
LYS,HOH,TRP,TYR,PRO,VAL,PHE,ASP,HOH,GLN
GLY,HOH,TYR,THR,PRO,LEU,ASP,LEU,HOH,VAL
LEU,HOH,GLN,HIS,ILE,LYS,GLN,VAL,HOH,ASN
ASN,HOH,MET,VAL,LEU,PHE,ALA,ASP,HOH, CU
VAL,HOH,GLY,PHE,TYR,PHE,VAL,THR,HOH,HOH
LYS,HOH,ILE,ARG,SER,ASP,VAL,GLY,HOH,HOH
HIS,HOH,VAL,LEU,GLU,TRP,GLN,GLY,HOH,HOH
TYR,HOH,SER,LYS,TYR,ALA,LYS,THR,HOH,HOH
LYS,HOH,TRP,LYS,ASP,TYR,SER,ALA,HOH,HOH
ILE,HOH,GLY,TRP,PRO,LYS,LEU,VAL,HOH,HOH
ARG,HOH,GLU,ILE,THR,THR,ALA,ALA,HOH,HOH
LYS,HOH,GLY,GLN,ARG,GLY,ALA,ILE,HOH,HOH
LEU,HOH,CYS,LYS,PRO,ALA,ILE,ARG,HOH,HOH
ASP,HOH,ASP,VAL,PHE,LYS,ALA,GLU,HOH,HOH
SER,HOH,ARG,ILE,SER,GLN,ASP,MET,HOH,HOH
GLY,HOH,ASP,ASP,GLU,ALA,ASP,TYR,HOH,HOH
GLY,HOH,GLY,GLN,ALA,ASN,SER,PRO,HOH,HOH
PHE,HOH,LYS,PHE,SER,ASP,LYS,LYS,HOH,HOH
TYR,HOH,TYR,GLY,MET,LEU,LYS,ALA,HOH,HOH
ILE,HOH,GLY, NA,MET,ASP,LEU,HIS,HOH,HOH
THR,HOH,PHE, NA,GLY,TYR,PRO,PHE,HOH,HOH
SER,HOH,TYR,00K,LEU,ALA,ALA,VAL,HOH,HOH
ARG,HOH,THR,HOH,LEU,SER,LEU,THR,HOH,HOH
THR,HOH,HIS,HOH,THR,LEU,PHE,ILE,HOH,HOH
GLN,HOH,VAL,HOH,ASN,PRO,PRO,PHE,HOH,HOH
PHE,HOH,PHE,HOH,LEU,ASP,ALA,ALA,HOH,HOH
ASN,HOH,ARG,HOH,ALA,SER,ASP,LYS,HOH,HOH
SER,HOH,LEU,HOH,ASP,VAL,SER,PRO,HOH,HOH
LEU,HOH,LYS,HOH,ARG,VAL,LYS,ALA,HOH,HOH
GLN,HOH,LYS,HOH,GLU,GLU,THR,GLY,HOH,HOH
GLN,HOH,TRP,HOH,LEU,GLN,GLY,ARG,HOH,HOH
LEU,HOH,ILE,HOH,VAL,VAL,GLY,PRO,HOH,HOH
VAL,HOH,GLN,HOH,HIS,ARG,ASP,LEU,HOH,
ALA,HOH,LYS,HOH,MET,ALA,THR,VAL,HOH,
TYR,HOH,VAL,HOH,ILE,ALA,ALA,ASP,HOH,
TYR,HOH,ILE,HOH,ASN,TRP,ALA,ASP,HOH,
SER,HOH,ASP,HOH,TRP,LYS,LEU,TYR,HOH,
LYS,HOH,GLN,HOH,ALA,THR,PRO,VAL,HOH,
HIS,HOH,PHE,HOH,LYS,ASN,LYS,VAL,HOH,
ALA,HOH,T29,HOH,ARG,ILE,ILE,ASP,HOH,
ASP,HOH,HOH,HOH,VAL,LYS,TRP,ILE,HOH,
GLY,HOH,HOH,HOH,PRO,ASP,GLU,PRO,HOH,
LEU,HOH,HOH,HOH,GLY,SER,ASP,GLN,HOH,
CYS,HOH,HOH,HOH,PHE,SER,LYS,ASP,HOH,
HIS,HOH,HOH,HOH,VAL,GLY,ALA,THR,HOH,
ARG,HOH,HOH,HOH,ASP,LYS,LYS,TRP,HOH,
LEU,HOH,HOH,HOH,LEU,PRO,PHE,ILE,HOH,
THR,HOH,HOH,HOH,THR,LEU,ASP,GLU,HOH,
THR,HOH,HOH,HOH,LEU,TYR,ASP,GLN,HOH,
VAL,HOH,HOH,HOH,HIS,2HP,LEU,PRO,HOH,
CYS,HOH,HOH,HOH,ASP,HOH,PHE,TRP,HOH,
PRO,HOH,HOH,HOH,GLN,HOH,ALA,ASP,HOH,
HOH,HOH,HOH,HOH,VAL,HOH,LYS,MET,HOH,
HOH,HOH,HOH,HOH,HIS,HOH,LEU,GLY,HOH,
HOH,HOH,HOH,HOH,LEU,HOH,ALA,VAL,HOH,
HOH,HOH,HOH,HOH,LEU,HOH,ALA,VAL,HOH,
HOH,HOH,HOH,HOH,GLU,HOH,ALA,PHE,HOH,
HOH,HOH,HOH,HOH,CYS,HOH,ALA,VAL,HOH,
HOH,HOH,HOH,HOH,ALA,HOH,THR,PRO,HOH,
HOH,HOH,HOH,HOH,TRP,HOH,ALA,PRO,HOH,
HOH,HOH,HOH,HOH,LEU,HOH,ALA,ILE,HOH,
HOH,HOH,HOH,HOH,GLU,HOH,GLN,SER,HOH,
HOH,HOH,HOH,HOH,ILE,HOH,GLY,GLY,HOH,
HOH,HOH,HOH,HOH,LEU,HOH,THR,ARG,HOH,
HOH,HOH,HOH,HOH,MET,HOH,ILE, MG,HOH,
HOH,HOH,HOH,HOH,ILE,HOH,LYS,PCP,HOH,
HOH,HOH,HOH,HOH,GLY,HOH,ASP,GUN,HOH,
HOH,HOH,HOH,HOH,LEU,HOH,GLU,HOH,HOH,
HOH,HOH,HOH,HOH,VAL,HOH,ALA,HOH,HOH,
HOH,HOH,HOH,HOH,TRP,HOH,SER,HOH,HOH,
HOH,HOH,HOH,HOH,ARG,HOH,LEU,HOH,HOH,
HOH,HOH,HOH,HOH,SER,HOH,LYS,HOH,HOH,
HOH,HOH,HOH,HOH,MET,HOH,ALA,HOH,HOH,
HOH,ILE,HOH,HOH,GLU,HOH,ASN,HOH,HOH,
HOH,VAL,HOH,HOH,HIS,HOH,ILE,HOH,HOH,
HOH,GLY,HOH,HOH,PRO,HOH,GLY,HOH,HOH,
HOH,GLY,HOH,HOH,GLY,HOH,GLY,HOH,HOH,
HOH,TYR,HOH,HOH,LYS,HOH,VAL,HOH,HOH,
HOH,GLU,HOH,HOH,LEU,HOH,LEU,HOH,HOH,
HOH,CYS,HOH,HOH,LEU,HOH,GLY,HOH,HOH,
HOH,ARG,HOH,HOH,PHE,HOH,ASN,HOH,HOH,
HOH,LYS,HOH,HOH,ALA,HOH,CYS,HOH,HOH,
HOH,ASN,HOH,HOH,PRO,HOH,LYS,HOH,HOH,
HOH,SER,HOH,HOH,ASN,HOH,SER,HOH,HOH,
HOH,ALA,HOH,HOH,LEU,HOH,CYS,HOH,HOH,
HOH,SER,HOH,HOH,LEU,HOH,HIS,HOH,HOH,
HOH,TYR,HOH,HOH,LEU,HOH,ASP,HOH,HOH,
HOH,GLN,HOH,HOH,ASP,HOH,ASP,HOH,HOH,
HOH,ALA,HOH,HOH,ARG,HOH,PHE,HOH,HOH,
HOH,SER,HOH,HOH,ASN,HOH,ARG,HOH,HOH,
HOH,LEU,HOH,HOH,GLN,HOH,ALA,HOH,HOH,
HOH,GLN,HOH,HOH,GLY,HOH,LYS,HOH,HOH,
HOH,SER,HOH,HOH,LYS,HOH,LYS,HOH,HOH,
HOH,GLY,HOH,HOH,CYS,HOH,SER,HOH,HOH,
HOH,TYR,HOH,HOH,VAL,HOH,HEM,HOH,HOH,
HOH,HIS,HOH,HOH,GLU,HOH,HOH,HOH,HOH,
HOH,PHE,HOH,HOH,GLY,HOH,HOH,HOH,HOH,
HOH,CYS,HOH,HOH,MET,HOH,HOH,HOH,HOH,
HOH,GLY,HOH,HOH,VAL,HOH,HOH,HOH,HOH,
HOH,GLY,HOH,HOH,GLU,HOH,HOH,HOH,HOH,
HOH,SER,HOH,HOH,ILE,HOH,HOH,GLU,HOH,
HOH,LEU,HOH,HOH,PHE,HOH,HOH,LYS,HOH,
HOH,ILE,HOH,HOH,ASP,HOH,HOH,TYR,HOH,
HOH,SER,HOH,HOH,MET,HOH,HOH,ILE,HOH,
HOH,SER,HOH,HOH,LEU,HOH,HOH,VAL,HOH,
HOH,THR,HOH,HOH,LEU,HOH,HOH,THR,HOH,
HOH,TRP,HOH,HOH,ALA,HOH,HOH,TRP,HOH,
HOH,VAL,HOH,HOH,THR,HOH,HOH,ASP,HOH,
HOH,VAL,HOH,HOH,SER,HOH,HOH,MET,HOH,
HOH,SER,HOH,HOH,SER,HOH,HOH,LEU,HOH,
HOH,ALA,HOH,HOH,ARG,HOH,HOH,GLN,HOH,
HOH,ALA,HOH,HOH,PHE,HOH,HOH,ILE,HOH,
HOH,HIS,HOH,HOH,ARG,HOH,HOH,HIS,HOH,
HOH,CYS,HOH,HOH,MET,HOH,HOH,ALA,HOH,
HOH,TYR,HOH,HOH,MET,HOH,HOH,ARG,HOH,
HOH,LYS,HOH,HOH,ASN,HOH,HOH,LYS,HOH,
HOH,SER,HOH,HOH,LEU,HOH,HOH,LEU,HOH,
HOH,ARG,HOH,HOH,GLN,HOH,HOH,ALA,HOH,
HOH,ILE,HOH,HOH,GLY,HOH,HOH,SER,HOH,
HOH,GLN,HOH,HOH,GLU,HOH,HOH,ARG,HOH,
HOH,VAL,HOH,HOH,GLU,HOH,HOH,LEU,HOH,
HOH,ARG,HOH,HOH,PHE,HOH,HOH,MET,HOH,
HOH,LEU,HOH,HOH,VAL,HOH,HOH,PRO,HOH,
HOH,GLY,HOH,HOH,CYS,HOH,HOH,SER,HOH,
HOH,GLU,HOH,HOH,LEU,HOH,HOH,GLU,HOH,
HOH,HIS,HOH,HOH,LYS,HOH,HOH,GLN,HOH,
HOH,ASN,HOH,HOH,SER,HOH,HOH,TRP,HOH,
HOH,ILE,HOH,HOH,ILE,HOH,HOH,LYS,HOH,
HOH,ALA,HOH,HOH,ILE,HOH,HOH,GLY,HOH,
ACE,VAL,HOH,HOH,LEU,HOH,HOH,ILE,HOH,
PTH,ASN,HOH,HOH,LEU,HOH,HOH,ILE,HOH,
GLU,GLU,HOH,HOH,ASN,HOH,HOH,ALA,HOH,
DIP,GLY,HOH,HOH,SER,HOH,HOH,VAL,HOH,
HOH,THR,HOH,HOH,GLY,HOH,HOH,SER,HOH,
HOH,GLU,HOH,HOH,VAL,HOH,HOH,ARG,HOH,
HOH,GLN,HOH,HOH,TYR,HOH,HOH,GLY,HOH,
HOH,PHE,HOH,HOH,THR,HOH,HOH,GLY,THR,
HOH,ILE,HOH,HOH,PHE,HOH,HOH,LEU,LYS,
,ASP,HOH,HOH,LEU,HOH,HOH,VAL,THR,
,SER,HOH,HOH,SER,HOH,HOH,PRO,LYS,
,VAL,HOH,HOH,SER,HOH,HOH,GLY,ILE,
,LYS,HOH,HOH,THR,HOH,HOH,ALA,MET,
,VAL,HOH,HOH,LEU,HOH,HOH,LEU,GLY,
,ILE,HOH,HOH,LYS,HOH,HOH,LEU,ILE,
,MET,HOH,HOH,SER,HOH,HOH,ALA,LEU,
,HIS,HOH,HOH,LEU,HOH,HOH,ARG,ASN,
,PRO,HOH,HOH,GLU,HOH,HOH,GLU,VAL,
,SER,HOH,HOH,GLU,HOH,HOH,LEU,THR,
,TYR,HOH,HOH,LYS,HOH,HOH,GLY,ASN,
,ASN,HOH,HOH,ASP,HOH,HOH,ILE,VAL,
,SER,HOH,HOH,HIS,HOH,HOH,ARG,GLU,
,ARG,HOH,HOH,ILE,HOH,HOH,HIS,SER,
,ASN,HOH,HOH,HIS,HOH,HOH,VAL,ALA,
,LEU,HOH,HOH,ARG,HOH,HOH,ASP,VAL,
,ASP,HOH,HOH,VAL,HOH,HOH,THR,THR,
,ASN,HOH,HOH,LEU,HOH,HOH,VAL,ARG,
,ASP,HOH,HOH,ASP,HOH,HOH,CYS,VAL,
,ILE,HOH,HOH,LYS,HOH,HOH,ILE,LYS,
,MET,HOH,HOH,ILE,HOH,HOH,SER,ALA,
,LEU,HOH,HOH,THR,HOH,HOH,SER,MET,
,ILE,HOH,HOH,ASP,HOH,HOH,TYR,MET,
,LYS,HOH,HOH,THR,HOH,HOH,ASP,ASP,
,LEU,HOH,HOH,LEU,HOH,HOH,HIS,GLU,
,SER,HOH,HOH,ILE,HOH,HOH,ASP,GLY,
,LYS,HOH,HOH,HIS,HOH,HOH,ASN,ALA,
,PRO,HOH,HOH,LEU,HOH,HOH,GLN,ASP,
,ALA,HOH,HOH,MET,HOH,HOH,ARG,ILE,
,SER,HOH,HOH,ALA,HOH,HOH,GLU,ILE,
,LEU,HOH,HOH,LYS,HOH,HOH,LEU,ASP,
,ASN,HOH,HOH,ALA,HOH,HOH,LYS,VAL,
,SER,HOH,ASP,GLY,HOH,HOH,VAL,GLY,
,TYR,HOH,PHE,LEU,HOH,HOH,LEU,GLY,
,VAL,HOH,GLU,THR,HOH,HOH,LYS,VAL,
,SER,HOH,GLU,LEU,HOH,HOH,ARG,MET,
,THR,HOH,ILE,GLN,HOH,HOH,ALA,ILE,
,VAL,HOH,PRO,GLN,HOH,,GLU,THR,
,ALA,HOH,GLU,GLN,HOH,,GLY,VAL,
,LEU,HOH,GLU,HIS,HOH,,ASP,GLU,
,PRO,HOH,TYS,GLU,HOH,,GLY,GLU,
,SER,HOH,LEU,ARG,HOH,,GLU,GLU,
,SER,HOH,HOH,LEU,HOH,,GLY,LEU,
,CYS,HOH,HOH,ALA,HOH,,PHE,ASN,
,ALA,HOH,,GLN,HOH,,ILE,ARG,
,SER,HOH,,LEU,HOH,,VAL,VAL,
,SER,HOH,,LEU,HOH,,ILE,LEU,
,GLY,HOH,,LEU,HOH,,ASP,PRO,
,THR,HOH,,ILE,HOH,,ASP,VAL,
,ARG,HOH,,LEU,HOH,,LEU,VAL,
,CYS,HOH,,SER,HOH,,VAL,GLU,
,LEU,HOH,,HIS,HOH,,ASP,ALA,
,VAL,HOH,,ILE,HOH,,THR,ILE,
,SER,HOH,,ARG,HOH,,GLY,VAL,
,GLY,HOH,,HIS,HOH,,GLY,GLY,
,TRP,HOH,,MET,HOH,,THR,PHE,
,GLY,HOH,,SER,HOH,,ALA,ASP,
,ASN,HOH,,ASN,HOH,,VAL,VAL,
,LEU,HOH,,LYS,HOH,,ALA,LYS,
,SER,HOH,,GLY,HOH,,ILE,ILE,
,GLY,HOH,,MET,HOH,,ARG,SER,
,SER,HOH,,GLU,HOH,,GLU,VAL,
,SER,HOH,,HIS,HOH,,MET,ASP,
,SER,HOH,,LEU,HOH,,TYR,THR,
,ASN,HOH,,TYR,HOH,,PRO,PHE,
,TYR,HOH,,SER,HOH,,LYS,ARG,
,PRO,HOH,,MET,HOH,,ALA,SER,
,ASP,HOH,,LYS,HOH,,HIS,GLU,
,THR,HOH,,CYS,HOH,,PHE,VAL,
,LEU,HOH,,LYS,HOH,,VAL,ALA,
,ARG,HOH,,ASN,HOH,,THR,GLU,
,CYS,HOH,,VAL,HOH,,ILE,ALA,
,LEU,HOH,,VAL,HOH,,PHE,CYS,
,ASP,HOH,,PRO,HOH,,ALA,LEU,
,LEU,HOH,,LEU,HOH,,LYS,LYS,
,PRO,HOH,,TYR,HOH,,PRO,LEU,
,ILE,HOH,,ASP,HOH,,ALA,GLY,
,LEU,HOH,,LEU,HOH,,GLY,VAL,
,SER,HOH,,LEU,HOH,,ARG,ASP,
,SER,HOH,,LEU,HOH,,PRO,ILE,
,SER,HOH,,GLU,HOH,,LEU,ILE,
,SER,HOH,,MET,HOH,,VAL,ASN,
,CYS,HOH,,LEU,HOH,,ASP,ASP,
,ASN,HOH,,EST,HOH,,ASP,GLN,
,SER,HOH,, AU,HOH,,TYR,TRP,
,ALA,HOH,, AU,HOH,,VAL,ALA,
,TYR,HOH,, AU,HOH,,VAL,GLY,
,PRO,HOH,,HOH,HOH,,ASP,LEU,
,GLY,HOH,,HOH,HOH,,ILE,TYR,
,GLN,HOH,,HOH,HOH,,PRO,ASP,
,ILE,HOH,,HOH,HOH,,GLN,HIS,
,THR,HOH,,HOH,HOH,,ASP,ARG,
,SER,HOH,,HOH,HOH,,THR,MET,
,ASN,HOH,,HOH,HOH,,TRP,PHE,
,MET,HOH,,HOH,HOH,,ILE,GLN,
,PHE,HOH,,HOH,HOH,,GLU,VAL,
,CYS,HOH,,HOH,HOH,,GLN,VAL,
,ALA,HOH,,HOH,HOH,,PRO,ALA,
,GLY,HOH,,HOH,HOH,,TRP,LYS,
,PHE,HOH,,HOH,HOH,,ASP,TYR,
,MET,HOH,,HOH,HOH,,MET,ASP,
,GLU,HOH,,HOH,HOH,,GLY,ALA,
,GLY,HOH,,HOH,HOH,,VAL,GLU,
,GLY,HOH,,HOH,HOH,,VAL,ILE,
,LYS,HOH,,HOH,HOH,,PHE,VAL,
,ASP,HOH,,HOH,HOH,,VAL,LEU,
,SER,HOH,,HOH,HOH,,PRO,MET,
,CYS,HOH,,,HOH,,PRO,HIS,
,GLN,HOH,,,HOH,,ILE,ASN,
,GLY,HOH,,,HOH,,SER,GLY,
,ASP,HOH,,,HOH,,GLY,ASN,
,SER,HOH,,,HOH,,ARG,GLY,
,GLY,HOH,,,HOH,, MG,ASN,
,GLY,GLY,,,HOH,,PCP,ARG,
,PRO,ASP,,,HOH,,GUN,ASP,
,VAL,PHE,,,HOH,,HOH,GLU,
,VAL,GLU,,,HOH,,HOH,PRO,
,CYS,GLU,,,HOH,,HOH,VAL,
,ASN,ILE,,,HOH,,HOH,VAL,
,GLY,PRO,,,HOH,,HOH,GLU,
,GLN,GLU,,,HOH,,HOH,GLU,
,LEU,GLU,,,HOH,,HOH,MET,
,GLN,TYR,,,HOH,,HOH,LEU,
,GLY,LEU,,,HOH,,HOH,THR,
,VAL,HOH,,,HOH,,HOH,SER,
,VAL,HOH,,,HOH,,HOH,LEU,
,SER,HOH,,,HOH,,HOH,LEU,
,TRP,,,,HOH,,HOH,ALA,
,GLY,,,,HOH,,HOH,GLN,
,TYR,,,,HOH,,HOH,ALA,
,GLY,,,,HOH,,HOH,HIS,
,CYS,,,,HOH,,HOH,GLN,
,ALA,,,,HOH,,HOH,ALA,
,GLN,,,,HOH,,HOH,LYS,
,ARG,,,,HOH,,HOH,ILE,
,ASN,,,,HOH,,HOH,ALA,
,LYS,,,,HOH,,HOH,GLY,
,PRO,,,,HOH,,HOH,ILE,
,GLY,,,,HOH,,HOH,PRO,
,VAL,,,,HOH,,HOH,SER,
,TYR,,,,HOH,,HOH,ASN,
,THR,,,,HOH,,HOH,LYS,
,LYS,,,,HOH,,HOH,ILE,
,VAL,,,,HOH,,HOH,TRP,
,CYS,,,,HOH,,HOH,LEU,
,ASN,,,,HOH,,HOH,ASP,
,TYR,,,,HOH,,HOH,PRO,
,ARG,,,,HOH,,HOH,GLY,
,SER,,,,HOH,,HOH,ILE,
,TRP,,,,HOH,,HOH,GLY,
,ILE,,,,HOH,,SER,PHE,
,SER,,,,HOH,,GLU,ALA,
,SER,,,,HOH,,LYS,LYS,
,THR,,,,HOH,,TYR,THR,
,MET,,,,HOH,,ILE,ARG,
,SER,,,,HOH,,VAL,ASN,
,SER,,,,HOH,,THR,GLU,
,ASN,,,,HOH,,TRP,GLU,
,SO4,,,,HOH,,ASP,ALA,
,SO4,,,,HOH,,MET,GLU,
,BEN,,,,HOH,,LEU,VAL,
,HOH,,,,HOH,,GLN,MET,
,HOH,,,,HOH,,ILE,ALA,
,HOH,,,,HOH,,HIS,ARG,
,HOH,,,,HOH,,ALA,LEU,
,HOH,,,,HOH,,ARG,ASP,
,HOH,,,,HOH,,LYS,GLU,
,HOH,,,,HOH,,LEU,LEU,
,HOH,,,,HOH,,ALA,VAL,
,HOH,,,,HOH,,SER,ALA,
,HOH,,,,HOH,,ARG,THR,
,HOH,,,,HOH,,LEU,GLU,
,HOH,,,,HOH,,MET,TYR,
,HOH,,,,HOH,,PRO,PRO,
,HOH,,,,HOH,,SER,VAL,
,HOH,,,,HOH,,GLU,LEU,
,HOH,,,,HOH,,GLN,LEU,
,HOH,,,,HOH,,TRP,ALA,
,HOH,,,,HOH,,LYS,THR,
,HOH,,,,HOH,,GLY,SER,
,HOH,,,,,,ILE,ARG,
,HOH,,,,,,ILE,LYS,
,HOH,,,,,,ALA,ARG,
,HOH,,,,,,VAL,PHE,
,HOH,,,,,,SER,THR,
,HOH,,,,,,ARG,LYS,
,HOH,,,,,,GLY,GLU,
,HOH,,,,,,GLY,MET,
,HOH,,,,,,LEU,MET,
,HOH,,,,,,VAL,GLY,
,HOH,,,,,,PRO,TYR,
,HOH,,,,,,GLY,ASP,
,HOH,,,,,,ALA,THR,
,HOH,,,,,,LEU,THR,
,HOH,,,,,,LEU,PRO,
,HOH,,,,,,ALA,VAL,
,HOH,,,,,,ARG,GLU,
,HOH,,,,,,GLU,ARG,
,HOH,,,,,,LEU,ASP,
,HOH,,,,,,GLY,GLU,
,HOH,,,,,,ILE,VAL,
,HOH,,,,,,ARG,THR,
,HOH,,,,,,HIS,ALA,
,HOH,,,,,,VAL,ALA,
,HOH,,,,,,ASP,THR,
,HOH,,,,,,THR,THR,
,HOH,,,,,,VAL,ALA,
,HOH,,,,,,CYS,TYR,
,HOH,,,,,,ILE,GLY,
,HOH,,,,,,SER,ILE,
,HOH,,,,,,SER,MET,
,HOH,,,,,,TYR,LYS,
,HOH,,,,,,ARG,GLY,
,HOH,,,,,,GLU,VAL,
,HOH,,,,,,LEU,ARG,
,HOH,,,,,,LYS,ALA,
,HOH,,,,,,VAL,VAL,
,HOH,,,,,,LEU,ARG,
,HOH,,,,,,LYS,VAL,
,HOH,,,,,,ARG,HIS,
,HOH,,,,,,ALA,ASN,
,HOH,,,,,,GLU,VAL,
,HOH,,,,,,GLY,GLU,
,HOH,,,,,,ASP,LEU,
,HOH,,,,,,GLY,ASN,
,HOH,,,,,,GLU,ALA,
,HOH,,,,,,GLY,LYS,
,HOH,,,,,,PHE,LEU,
,HOH,,,,,,ILE,ALA,
,HOH,,,,,,VAL,LYS,
,HOH,,,,,,ILE,GLY,
,HOH,,,,,,ASP,ILE,
,HOH,,,,,,ASP,ASP,
,HOH,,,,,,LEU,PHE,
,HOH,,,,,,VAL,LEU,
,HOH,,,,,,ASP,LYS,
,HOH,,,,,,THR,GLU,
,HOH,,,,,,GLY,ASN,
,HOH,,,,,,GLY,GLU,
,HOH,,,,,,THR,ASN,
,HOH,,,,,,ALA,ALA,
,HOH,,,,,,VAL,ARG,
,HOH,,,,,,ALA,HIS,
,ILE,,,,,,ILE,ASN,
,VAL,,,,,,ARG,PHE,
,GLY,,,,,,GLU,SER,
,GLY,,,,,,MET, MN,
,TYR,,,,,,TYR,  K,
,GLU,,,,,,PRO,HOH,
,CYS,,,,,,LYS,HOH,
,ARG,,,,,,ALA,HOH,
,LYS,,,,,,HIS,HOH,
,ASN,,,,,,PHE,HOH,
,SER,,,,,,VAL,HOH,
,ALA,,,,,,THR,HOH,
,SER,,,,,,ILE,HOH,
,TYR,,,,,,PHE,HOH,
,GLN,,,,,,ALA,HOH,
,ALA,,,,,,LYS,HOH,
,SER,,,,,,PRO,HOH,
,LEU,,,,,,ALA,HOH,
,GLN,,,,,,GLY,HOH,
,SER,,,,,,ARG,HOH,
,GLY,,,,,,PRO,HOH,
,TYR,,,,,,LEU,HOH,
,HIS,,,,,,VAL,HOH,
,PHE,,,,,,ASP,HOH,
,CYS,,,,,,ASP,HOH,
,GLY,,,,,,TYR,HOH,
,GLY,,,,,,VAL,HOH,
,SER,,,,,,VAL,HOH,
,LEU,,,,,,ASP,HOH,
,ILE,,,,,,ILE,HOH,
,SER,,,,,,PRO,HOH,
,SER,,,,,,GLN,HOH,
,THR,,,,,,ASP,HOH,
,TRP,,,,,,THR,HOH,
,VAL,,,,,,TRP,HOH,
,VAL,,,,,,ILE,HOH,
,SER,,,,,,GLU,HOH,
,ALA,,,,,,GLN,HOH,
,ALA,,,,,,PRO,HOH,
,HIS,,,,,,TRP,HOH,
,CYS,,,,,,ASP,HOH,
,TYR,,,,,,MET,HOH,
,LYS,,,,,,GLY,HOH,
,SER,,,,,,VAL,HOH,
,ARG,,,,,,VAL,HOH,
,ILE,,,,,,PHE,HOH,
,GLN,,,,,,VAL,HOH,
,VAL,,,,,,PRO,HOH,
,ARG,,,,,,PRO,HOH,
,LEU,,,,,,ILE,HOH,
,GLY,,,,,,SER,HOH,
,GLU,,,,,,GLY,HOH,
,HIS,,,,,,BO3,HOH,
,ASN,,,,,,HOH,HOH,
,ILE,,,,,,HOH,HOH,
,ALA,,,,,,HOH,HOH,
,VAL,,,,,,HOH,HOH,
,ASN,,,,,,HOH,HOH,
,GLU,,,,,,HOH,HOH,
,GLY,,,,,,HOH,HOH,
,THR,,,,,,HOH,HOH,
,GLU,,,,,,HOH,HOH,
,GLN,,,,,,HOH,HOH,
,PHE,,,,,,HOH,HOH,
,ILE,,,,,,HOH,HOH,
,ASP,,,,,,HOH,HOH,
,SER,,,,,,HOH,HOH,
,VAL,,,,,,HOH,HOH,
,LYS,,,,,,HOH,HOH,
,VAL,,,,,,HOH,HOH,
,ILE,,,,,,HOH,HOH,
,MET,,,,,,HOH,HOH,
,HIS,,,,,,HOH,HOH,
,PRO,,,,,,HOH,HOH,
,SER,,,,,,HOH,HOH,
,TYR,,,,,,HOH,HOH,
,ASN,,,,,,HOH,HOH,
,SER,,,,,,HOH,HOH,
,ARG,,,,,,HOH,HOH,
,ASN,,,,,,HOH,HOH,
,LEU,,,,,,HOH,HOH,
,ASP,,,,,,,HOH,
,ASN,,,,,,,HOH,
,ASP,,,,,,,HOH,
,ILE,,,,,,,HOH,
,MET,,,,,,,HOH,
,LEU,,,,,,,HOH,
,ILE,,,,,,,HOH,
,LYS,,,,,,,HOH,
,LEU,,,,,,,HOH,
,SER,,,,,,,HOH,
,LYS,,,,,,,HOH,
,PRO,,,,,,,HOH,
,ALA,,,,,,,HOH,
,SER,,,,,,,HOH,
,LEU,,,,,,,HOH,
,ASN,,,,,,,HOH,
,SER,,,,,,,HOH,
,TYR,,,,,,,HOH,
,VAL,,,,,,,HOH,
,SER,,,,,,,HOH,
,THR,,,,,,,HOH,
,VAL,,,,,,,HOH,
,ALA,,,,,,,HOH,
,LEU,,,,,,,HOH,
,PRO,,,,,,,HOH,
,SER,,,,,,,HOH,
,SER,,,,,,,HOH,
,CYS,,,,,,,HOH,
,ALA,,,,,,,HOH,
,SER,,,,,,,HOH,
,SER,,,,,,,HOH,
,GLY,,,,,,,HOH,
,THR,,,,,,,HOH,
,ARG,,,,,,,HOH,
,CYS,,,,,,,HOH,
,LEU,,,,,,,HOH,
,VAL,,,,,,,HOH,
,SER,,,,,,,HOH,
,GLY,,,,,,,HOH,
,TRP,,,,,,,HOH,
,GLY,,,,,,,HOH,
,ASN,,,,,,,HOH,
,LEU,,,,,,,HOH,
,SER,,,,,,,HOH,
,GLY,,,,,,,HOH,
,SER,,,,,,,HOH,
,SER,,,,,,,HOH,
,SER,,,,,,,HOH,
,ASN,,,,,,,HOH,
,TYR,,,,,,,HOH,
,PRO,,,,,,,HOH,
,ASP,,,,,,,HOH,
,THR,,,,,,,HOH,
,LEU,,,,,,,HOH,
,ARG,,,,,,,HOH,
,CYS,,,,,,,HOH,
,LEU,,,,,,,HOH,
,ASP,,,,,,,HOH,
,LEU,,,,,,,HOH,
,PRO,,,,,,,HOH,
,ILE,,,,,,,HOH,
,LEU,,,,,,,HOH,
,SER,,,,,,,HOH,
,SER,,,,,,,HOH,
,SER,,,,,,,HOH,
,SER,,,,,,,HOH,
,CYS,,,,,,,HOH,
,ASN,,,,,,,HOH,
,SER,,,,,,,HOH,
,ALA,,,,,,,HOH,
,TYR,,,,,,,HOH,
,PRO,,,,,,,HOH,
,GLY,,,,,,,HOH,
,GLN,,,,,,,HOH,
,ILE,,,,,,,HOH,
,THR,,,,,,,HOH,
,SER,,,,,,,HOH,
,ASN,,,,,,,HOH,
,MET,,,,,,,HOH,
,PHE,,,,,,,HOH,
,CYS,,,,,,,HOH,
,ALA,,,,,,,HOH,
,GLY,,,,,,,HOH,
,PHE,,,,,,,HOH,
,MET,,,,,,,HOH,
,GLU,,,,,,,HOH,
,GLY,,,,,,,,
,GLY,,,,,,,,
,LYS,,,,,,,,
,ASP,,,,,,,,
,SER,,,,,,,,
,CYS,,,,,,,,
,GLN,,,,,,,,
,GLY,,,,,,,,
,ASP,,,,,,,,
,SER,,,,,,,,
,GLY,,,,,,,,
,GLY,,,,,,,,
,PRO,,,,,,,,
,VAL,,,,,,,,
,VAL,,,,,,,,
,CYS,,,,,,,,
,ASN,,,,,,,,
,GLY,,,,,,,,
,GLN,,,,,,,,
,LEU,,,,,,,,
,GLN,,,,,,,,
,GLY,,,,,,,,
,VAL,,,,,,,,
,VAL,,,,,,,,
,SER,,,,,,,,
,TRP,,,,,,,,
,GLY,,,,,,,,
,TYR,,,,,,,,
,GLY,,,,,,,,
,CYS,,,,,,,,
,ALA,,,,,,,,
,GLN,,,,,,,,
,ARG,,,,,,,,
,ASN,,,,,,,,
,LYS,,,,,,,,
,PRO,,,,,,,,
,GLY,,,,,,,,
,VAL,,,,,,,,
,TYR,,,,,,,,
,THR,,,,,,,,
,LYS,,,,,,,,
,VAL,,,,,,,,
,CYS,,,,,,,,
,ASN,,,,,,,,
,TYR,,,,,,,,
,ARG,,,,,,,,
,SER,,,,,,,,
,TRP,,,,,,,,
,ILE,,,,,,,,
,SER,,,,,,,,
,SER,,,,,,,,
,THR,,,,,,,,
,MET,,,,,,,,
,SER,,,,,,,,
,SER,,,,,,,,
,ASN,,,,,,,,
,SO4,,,,,,,,
,SO4,,,,,,,,
,BEN,,,,,,,,
,HOH,,,,,,,,
,HOH,,,,,,,,
,HOH,,,,,,,,
,HOH,,,,,,,,
,HOH,,,,,,,,
,HOH,,,,,,,,
,HOH,,,,,,,,
,HOH,,,,,,,,
,HOH,,,,,,,,
,HOH,,,,,,,,
,HOH,,,,,,,,
,HOH,,,,,,,,
,HOH,,,,,,,,
,HOH,,,,,,,,
,HOH,,,,,,,,
,HOH,,,,,,,,
,HOH,,,,,,,,
,HOH,,,,,,,,
,HOH,,,,,,,,
,HOH,,,,,,,,
,HOH,,,,,,,,
,HOH,,,,,,,,
,HOH,,,,,,,,
,HOH,,,,,,,,
,HOH,,,,,,,,
,HOH,,,,,,,,
,HOH,,,,,,,,
,HOH,,,,,,,,
,HOH,,,,,,,,
,HOH,,,,,,,,
,HOH,,,,,,,,
,HOH,,,,,,,,
,HOH,,,,,,,,
,HOH,,,,,,,,
,HOH,,,,,,,,
,HOH,,,,,,,,
,HOH,,,,,,,,
,HOH,,,,,,,,
,HOH,,,,,,,,
,HOH,,,,,,,,
,HOH,,,,,,,,
,HOH,,,,,,,,
,HOH,,,,,,,,
,HOH,,,,,,,,
,HOH,,,,,,,,
,HOH,,,,,,,,
,HOH,,,,,,,,
,HOH,,,,,,,,
,HOH,,,,,,,,
,HOH,,,,,,,,
,HOH,,,,,,,,
,HOH,,,,,,,,
,HOH,,,,,,,,
,HOH,,,,,,,,
,HOH,,,,,,,,
,HOH,,,,,,,,
,HOH,,,,,,,,
,HOH,,,,,,,,
,HOH,,,,,,,,
,HOH,,,,,,,,
,HOH,,,,,,,,
,HOH,,,,,,,,
,HOH,,,,,,,,
,HOH,,,,,,,,
,HOH,,,,,,,,
,HOH,,,,,,,,
,HOH,,,,,,,,
,HOH,,,,,,,,
,HOH,,,,,,,,
,HOH,,,,,,,,
,HOH,,,,,,,,
,HOH,,,,,,,,
,HOH,,,,,,,,
,HOH,,,,,,,,
,HOH,,,,,,,,
,HOH,,,,,,,,
,HOH,,,,,,,,
,HOH,,,,,,,,
,ILE,,,,,,,,
,VAL,,,,,,,,
,GLY,,,,,,,,
,GLY,,,,,,,,
,TYR,,,,,,,,
,GLU,,,,,,,,
,CYS,,,,,,,,
,ARG,,,,,,,,
,LYS,,,,,,,,
,ASN,,,,,,,,
,SER,,,,,,,,
,ALA,,,,,,,,
,SER,,,,,,,,
,TYR,,,,,,,,
,GLN,,,,,,,,
,ALA,,,,,,,,
,SER,,,,,,,,
,LEU,,,,,,,,
,GLN,,,,,,,,
,SER,,,,,,,,
,GLY,,,,,,,,
,TYR,,,,,,,,
,HIS,,,,,,,,
,PHE,,,,,,,,
,CYS,,,,,,,,
,GLY,,,,,,,,
,GLY,,,,,,,,
,SER,,,,,,,,
,LEU,,,,,,,,
,ILE,,,,,,,,
,SER,,,,,,,,
,SER,,,,,,,,
,THR,,,,,,,,
,TRP,,,,,,,,
,VAL,,,,,,,,
,VAL,,,,,,,,
,SER,,,,,,,,
,ALA,,,,,,,,
,ALA,,,,,,,,
,HIS,,,,,,,,
,CYS,,,,,,,,
,TYR,,,,,,,,
,LYS,,,,,,,,
,SER,,,,,,,,
,ARG,,,,,,,,
,ILE,,,,,,,,
,GLN,,,,,,,,
,VAL,,,,,,,,
,ARG,,,,,,,,
,LEU,,,,,,,,
,GLY,,,,,,,,
,GLU,,,,,,,,
,HIS,,,,,,,,
,ASN,,,,,,,,
,ILE,,,,,,,,
,ALA,,,,,,,,
,VAL,,,,,,,,
,ASN,,,,,,,,
,GLU,,,,,,,,
,GLY,,,,,,,,
,THR,,,,,,,,
,GLU,,,,,,,,
,GLN,,,,,,,,
,PHE,,,,,,,,
,ILE,,,,,,,,
,ASP,,,,,,,,
,SER,,,,,,,,
,VAL,,,,,,,,
,LYS,,,,,,,,
,VAL,,,,,,,,
,ILE,,,,,,,,
,MET,,,,,,,,
,HIS,,,,,,,,
,PRO,,,,,,,,
,SER,,,,,,,,
,TYR,,,,,,,,
,ASN,,,,,,,,
,SER,,,,,,,,
,ARG,,,,,,,,
,ASN,,,,,,,,
,LEU,,,,,,,,
,ASP,,,,,,,,
,ASN,,,,,,,,
,ASP,,,,,,,,
,ILE,,,,,,,,
,MET,,,,,,,,
,LEU,,,,,,,,
,ILE,,,,,,,,
,LYS,,,,,,,,
,LEU,,,,,,,,
,SER,,,,,,,,
,LYS,,,,,,,,
,PRO,,,,,,,,
,ALA,,,,,,,,
,SER,,,,,,,,
,LEU,,,,,,,,
,ASN,,,,,,,,
,SER,,,,,,,,
,TYR,,,,,,,,
,VAL,,,,,,,,
,SER,,,,,,,,
,THR,,,,,,,,
,VAL,,,,,,,,
,ALA,,,,,,,,
,LEU,,,,,,,,
,PRO,,,,,,,,
,SER,,,,,,,,
,SER,,,,,,,,
,CYS,,,,,,,,
,ALA,,,,,,,,
,SER,,,,,,,,
,SER,,,,,,,,
,GLY,,,,,,,,
,THR,,,,,,,,
,ARG,,,,,,,,
,CYS,,,,,,,,
,LEU,,,,,,,,
,VAL,,,,,,,,
,SER,,,,,,,,
,GLY,,,,,,,,
,TRP,,,,,,,,
,GLY,,,,,,,,
,ASN,,,,,,,,
,LEU,,,,,,,,
,SER,,,,,,,,
,GLY,,,,,,,,
,SER,,,,,,,,
,SER,,,,,,,,
,SER,,,,,,,,
,ASN,,,,,,,,
,TYR,,,,,,,,
,PRO,,,,,,,,
,ASP,,,,,,,,
,THR,,,,,,,,
,LEU,,,,,,,,
,ARG,,,,,,,,
,CYS,,,,,,,,
,LEU,,,,,,,,
,ASP,,,,,,,,
,LEU,,,,,,,,
,PRO,,,,,,,,
,ILE,,,,,,,,
,LEU,,,,,,,,
,SER,,,,,,,,
,SER,,,,,,,,
,SER,,,,,,,,
,SER,,,,,,,,
,CYS,,,,,,,,
,ASN,,,,,,,,
,SER,,,,,,,,
,ALA,,,,,,,,
,TYR,,,,,,,,
,PRO,,,,,,,,
,GLY,,,,,,,,
,GLN,,,,,,,,
,ILE,,,,,,,,
,THR,,,,,,,,
,SER,,,,,,,,
,ASN,,,,,,,,
,MET,,,,,,,,
,PHE,,,,,,,,
,CYS,,,,,,,,
,ALA,,,,,,,,
,GLY,,,,,,,,
,PHE,,,,,,,,
,MET,,,,,,,,
,GLU,,,,,,,,
,GLY,,,,,,,,
,GLY,,,,,,,,
,LYS,,,,,,,,
,ASP,,,,,,,,
,SER,,,,,,,,
,CYS,,,,,,,,
,GLN,,,,,,,,
,GLY,,,,,,,,
,ASP,,,,,,,,
,SER,,,,,,,,
,GLY,,,,,,,,
,GLY,,,,,,,,
,PRO,,,,,,,,
,VAL,,,,,,,,
,VAL,,,,,,,,
,CYS,,,,,,,,
,ASN,,,,,,,,
,GLY,,,,,,,,
,GLN,,,,,,,,
,LEU,,,,,,,,
,GLN,,,,,,,,
,GLY,,,,,,,,
,VAL,,,,,,,,
,VAL,,,,,,,,
,SER,,,,,,,,
,TRP,,,,,,,,
,GLY,,,,,,,,
,TYR,,,,,,,,
,GLY,,,,,,,,
,CYS,,,,,,,,
,ALA,,,,,,,,
,GLN,,,,,,,,
,ARG,,,,,,,,
,ASN,,,,,,,,
,LYS,,,,,,,,
,PRO,,,,,,,,
,GLY,,,,,,,,
,VAL,,,,,,,,
,TYR,,,,,,,,
,THR,,,,,,,,
,LYS,,,,,,,,
,VAL,,,,,,,,
,CYS,,,,,,,,
,ASN,,,,,,,,
,TYR,,,,,,,,
,ARG,,,,,,,,
,SER,,,,,,,,
,TRP,,,,,,,,
,ILE,,,,,,,,
,SER,,,,,,,,
,SER,,,,,,,,
,THR,,,,,,,,
,MET,,,,,,,,
,SER,,,,,,,,
,SER,,,,,,,,
,ASN,,,,,,,,
,SO4,,,,,,,,
,SO4,,,,,,,,
,SO4,,,,,,,,
,SO4,,,,,,,,
,BEN,,,,,,,,
,HOH,,,,,,,,
,HOH,,,,,,,,
,HOH,,,,,,,,
,HOH,,,,,,,,
,HOH,,,,,,,,
,HOH,,,,,,,,
,HOH,,,,,,,,
,HOH,,,,,,,,
,HOH,,,,,,,,
,HOH,,,,,,,,
,HOH,,,,,,,,
,HOH,,,,,,,,
,HOH,,,,,,,,
,HOH,,,,,,,,
,HOH,,,,,,,,
,HOH,,,,,,,,
,HOH,,,,,,,,
,HOH,,,,,,,,
,HOH,,,,,,,,
,HOH,,,,,,,,
,HOH,,,,,,,,
,HOH,,,,,,,,
,HOH,,,,,,,,
,HOH,,,,,,,,
,HOH,,,,,,,,
,HOH,,,,,,,,
,HOH,,,,,,,,
,HOH,,,,,,,,
,HOH,,,,,,,,
,HOH,,,,,,,,
,HOH,,,,,,,,
,HOH,,,,,,,,
,HOH,,,,,,,,
,HOH,,,,,,,,
,HOH,,,,,,,,
,HOH,,,,,,,,
,HOH,,,,,,,,
,HOH,,,,,,,,
,HOH,,,,,,,,
,HOH,,,,,,,,
,HOH,,,,,,,,
,HOH,,,,,,,,
,HOH,,,,,,,,
,HOH,,,,,,,,
,HOH,,,,,,,,
,HOH,,,,,,,,
,HOH,,,,,,,,
,HOH,,,,,,,,
,HOH,,,,,,,,
,HOH,,,,,,,,
,HOH,,,,,,,,
,HOH,,,,,,,,
,HOH,,,,,,,,
,HOH,,,,,,,,
,HOH,,,,,,,,
,HOH,,,,,,,,
,HOH,,,,,,,,
,HOH,,,,,,,,
,HOH,,,,,,,,
,HOH,,,,,,,,
,HOH,,,,,,,,
,HOH,,,,,,,,
,HOH,,,,,,,,
,HOH,,,,,,,,
,HOH,,,,,,,,
,HOH,,,,,,,,
,HOH,,,,,,,,
,HOH,,,,,,,,
,HOH,,,,,,,,
,HOH,,,,,,,,
,HOH,,,,,,,,
,HOH,,,,,,,,
,HOH,,,,,,,,
,HOH,,,,,,,,
,HOH,,,,,,,,
,HOH,,,,,,,,
,HOH,,,,,,,,
,HOH,,,,,,,,
,HOH,,,,,,,,
,HOH,,,,,,,,
,HOH,,,,,,,,
,HOH,,,,,,,,
,HOH,,,,,,,,
,HOH,,,,,,,,
,HOH,,,,,,,,
,HOH,,,,,,,,
,HOH,,,,,,,,
,HOH,,,,,,,,
,HOH,,,,,,,,
,HOH,,,,,,,,
,HOH,,,,,,,,
,HOH,,,,,,,,
,HOH,,,,,,,,
,HOH,,,,,,,,
,HOH,,,,,,,,
,HOH,,,,,,,,
,HOH,,,,,,,,
,HOH,,,,,,,,
,HOH,,,,,,,,
,HOH,,,,,,,,
,HOH,,,,,,,,
